episode,final_state,steps,total_reward,final_velocity,final_altitude,final_x
7,"[-0.5355232   0.09402717 -0.9514079  -0.08326124 -0.72288543  2.6608279
  1.          0.        ]",180,-314.18692253989576,0.9550442,0.09402717,-0.5355232
20,"[-0.6224553  -0.04219439 -1.0804425  -0.26427165  0.28111476  4.994018
  1.          1.        ]",173,-300.2618047656176,1.112293,-0.042194393,-0.6224553
